username,is_voter,email,program,level,has_voted
78-799-7184,false,rspurden0@addthis.com,Compactor,2011,true
33-178-7068,true,abattershall1@taobao.com,Grader,1986,true
12-052-1768,false,kclaiton2@symantec.com,Crawler,2010,true
41-855-9927,true,jmutimer3@auda.org.au,Excavator,1989,false
76-316-8698,false,jgriggs4@cpanel.net,Grader,2013,false
70-386-6639,false,cpendell5@mac.com,Trencher,2013,false
37-525-0371,true,rmarkham6@simplemachines.org,Excavator,1992,true
35-949-4835,true,nvanderveldt7@businessinsider.com,Compactor,2009,true
53-710-2049,true,mrumgay8@businessinsider.com,Scraper,2003,false
66-263-3322,true,sleeke9@discuz.net,Crawler,2001,true
47-003-4322,false,hcapponera@amazon.de,Crawler,1990,true
07-808-7509,true,tbarracloughb@prnewswire.com,Dragline,2005,true
95-813-5003,true,berlamc@barnesandnoble.com,Scraper,2002,false
96-551-7616,true,bayersd@cnn.com,Compactor,2000,true
53-109-2206,false,fyegorkine@amazonaws.com,Trencher,2005,true
53-584-1891,true,vbrixeyf@youku.com,Compactor,1999,false
83-515-0338,false,icradyg@time.com,Excavator,2010,true
66-698-7160,true,zdalbyh@topsy.com,Backhoe,2010,false
93-323-2233,true,odibeni@istockphoto.com,Skid-Steer,2010,true
75-614-9825,false,uthomblesonj@fotki.com,Skid-Steer,2003,false
52-437-1216,false,zharcek@linkedin.com,Excavator,2001,false
82-694-7242,false,elamartinel@salon.com,Grader,2006,true
79-136-8525,true,kannandalem@harvard.edu,Dump Truck,2001,false
70-363-0685,true,ajorgen@china.com.cn,Backhoe,2012,true
89-835-1931,false,cwilfingero@latimes.com,Backhoe,1988,false
85-289-6322,false,cscynerp@nyu.edu,Trencher,1988,false
49-943-2690,true,srabbattsq@deliciousdays.com,Dump Truck,2006,true
08-731-2536,false,fledsonr@php.net,Scraper,2010,true
97-407-6443,true,wferrys@mlb.com,Bulldozer,2010,true
64-846-6551,false,dolearyt@parallels.com,Dump Truck,2004,true
94-146-2322,true,phintzeu@va.gov,Grader,1993,false
42-953-3283,true,koiseauv@economist.com,Excavator,1995,false
71-091-7593,false,tskinw@creativecommons.org,Dump Truck,2007,false
39-250-1311,true,abunnx@pbs.org,Trencher,2001,false
26-762-6912,true,btembyy@toplist.cz,Dragline,1984,true
39-560-4056,true,lmccroriez@abc.net.au,Compactor,2006,false
33-020-6889,true,dfeldon10@yahoo.co.jp,Crawler,1994,false
24-662-4700,false,sroncelli11@time.com,Skid-Steer,2013,false
18-182-2493,true,rdobrovolski12@google.co.uk,Scraper,2002,true
06-588-0211,true,dcharley13@slate.com,Compactor,2002,true
78-415-3649,true,bdirocca14@howstuffworks.com,Grader,1984,true
47-976-2580,false,jdudleston15@weather.com,Crawler,1993,false
87-697-4424,false,tcollier16@cam.ac.uk,Backhoe,1993,false
12-968-5664,false,pmcilwrick17@youtu.be,Trencher,1993,true
75-359-9793,false,bbortolomei18@homestead.com,Skid-Steer,1993,true
57-955-7503,true,gpaske19@google.co.jp,Excavator,2012,true
27-756-8155,true,tfettes1a@booking.com,Trencher,1993,false
53-177-7689,true,awatterson1b@ibm.com,Trencher,1993,false
00-668-1217,false,gbranch1c@prlog.org,Excavator,1993,false
82-681-5392,false,sdinsell1d@jugem.jp,Compactor,1994,false
11-530-6987,false,hlowten1e@geocities.com,Dragline,2003,false
73-361-4990,false,hsperski1f@noaa.gov,Compactor,2007,true
90-404-1050,true,apittford1g@mit.edu,Bulldozer,1999,false
17-771-2602,true,hcroy1h@arizona.edu,Crawler,2005,false
45-297-3173,false,greppaport1i@redcross.org,Backhoe,1995,true
12-999-4915,false,tuttermare1j@webnode.com,Excavator,2009,true
22-546-2000,false,gdunge1k@webnode.com,Trencher,2008,true
88-221-2282,true,mgloy1l@sfgate.com,Trencher,1996,false
33-027-8536,false,mmccaig1m@unblog.fr,Grader,2007,true
87-624-3853,true,amarklew1n@github.com,Backhoe,2001,false
13-275-3581,false,bdowyer1o@multiply.com,Skid-Steer,2011,true
02-004-6507,true,stippett1p@ustream.tv,Backhoe,1996,false
65-468-1122,true,kcadney1q@xing.com,Trencher,2009,false
50-641-6740,true,fbernardin1r@ox.ac.uk,Compactor,2009,false
10-616-7860,true,nyukhnini1s@google.ru,Dragline,1994,false
65-164-8648,false,dwilde1t@skyrock.com,Grader,2007,true
32-696-5075,true,nbartelsellis1u@cyberchimps.com,Dump Truck,1987,true
23-793-7136,true,mlabbez1v@mapquest.com,Trencher,2007,true
56-382-3498,false,icapoun1w@businessinsider.com,Dragline,2004,false
95-783-6656,false,mskin1x@npr.org,Crawler,1998,false
03-496-8321,false,kgwioneth1y@zimbio.com,Skid-Steer,2012,false
77-024-2903,false,abeteriss1z@illinois.edu,Trencher,1995,false
88-047-5581,true,kcabrales20@dion.ne.jp,Backhoe,1993,false
10-553-4377,false,rendrighi21@ftc.gov,Grader,2005,true
17-188-4321,true,ccorcut22@accuweather.com,Backhoe,2013,false
47-307-7531,false,awaite23@ted.com,Backhoe,2001,true
83-206-4568,true,bbayston24@microsoft.com,Skid-Steer,1995,false
73-727-2767,true,chully25@deliciousdays.com,Backhoe,1996,true
12-831-1927,true,lbrasner26@cyberchimps.com,Bulldozer,1994,true
97-724-8030,true,rmcilvenna27@chronoengine.com,Scraper,1994,true
25-807-4874,false,pgrimwood28@i2i.jp,Dump Truck,1991,true
69-576-3567,false,msudworth29@weebly.com,Bulldozer,1986,true
60-613-8130,false,goluby2a@wp.com,Dump Truck,2004,false
66-516-4429,false,squartermaine2b@phoca.cz,Compactor,2004,true
47-227-8324,true,psulland2c@gmpg.org,Excavator,2006,true
47-257-5965,true,aexall2d@latimes.com,Bulldozer,1995,false
41-347-6911,false,jhebburn2e@prnewswire.com,Bulldozer,1999,false
49-835-8849,false,rcurrin2f@cbslocal.com,Dragline,2008,true
50-098-7201,false,aanderl2g@accuweather.com,Backhoe,2004,false
97-447-7893,false,mrosewell2h@miibeian.gov.cn,Grader,2003,false
40-157-9358,false,brestieaux2i@yolasite.com,Crawler,1999,true
17-719-2431,true,danselmi2j@people.com.cn,Crawler,2010,true
86-684-3868,false,fkilford2k@ifeng.com,Skid-Steer,1992,true
74-941-3749,true,mcoppen2l@patch.com,Dragline,2010,false
55-801-6465,false,kmcterrelly2m@mac.com,Excavator,2009,false
44-836-5867,true,mclarson2n@japanpost.jp,Backhoe,2002,true
00-273-0215,false,hjeens2o@nhs.uk,Dragline,2007,false
42-682-0110,false,sfawks2p@miitbeian.gov.cn,Trencher,2006,false
88-516-9185,true,wsmail2q@nyu.edu,Crawler,2011,false
91-016-2330,false,jstachini2r@ameblo.jp,Excavator,1984,true
06-792-0510,false,lduckers2s@networkadvertising.org,Grader,2006,false
26-342-2304,true,fgodmar2t@who.int,Grader,1999,false
57-825-3279,false,pcater2u@issuu.com,Dump Truck,1995,true
58-975-0353,true,sundrill2v@pen.io,Excavator,2003,true
84-551-0419,true,mcaroll2w@usnews.com,Backhoe,1957,true
42-930-7387,false,mforsdicke2x@canalblog.com,Dragline,1993,false
97-788-9427,false,ilimpertz2y@wordpress.com,Scraper,2008,false
18-644-2169,true,amendoza2z@com.com,Skid-Steer,2010,false
79-930-6116,false,egoullee30@naver.com,Trencher,2008,true
98-928-7470,false,dnormanton31@bravesites.com,Grader,2002,true
82-328-9777,true,bguiver32@360.cn,Excavator,1992,true
99-714-7249,true,arozenbaum33@symantec.com,Skid-Steer,2006,true
79-629-0167,true,dlumsdon34@nhs.uk,Bulldozer,2008,false
43-048-5454,true,cwildman35@reddit.com,Skid-Steer,1992,true
16-879-8296,false,sgranleese36@weibo.com,Excavator,1986,true
42-748-1686,false,cpirazzi37@google.cn,Trencher,2009,true
16-216-2102,true,ffetteplace38@shop-pro.jp,Scraper,2002,true
63-368-7405,false,brudeforth39@cpanel.net,Excavator,1996,true
15-381-5431,false,apattinson3a@tuttocitta.it,Crawler,1999,true
09-852-8613,false,lcarmont3b@tmall.com,Grader,2012,true
24-311-4427,true,sbaumaier3c@woothemes.com,Dump Truck,2004,true
99-477-6503,false,skacheller3d@diigo.com,Dump Truck,2010,true
01-658-1793,false,gthoumas3e@deliciousdays.com,Grader,2008,true
37-845-1203,false,lrosengart3f@smh.com.au,Compactor,2012,true
13-184-0519,true,mantonomoli3g@hexun.com,Crawler,1996,true
98-475-3498,true,eparysiak3h@bbc.co.uk,Bulldozer,1998,true
16-173-4983,false,gcorneille3i@usnews.com,Scraper,2006,false
50-930-3337,true,lclapison3j@hhs.gov,Grader,2011,false
34-218-8825,false,kradki3k@wordpress.com,Dragline,2007,false
69-724-3294,false,fmacgarrity3l@japanpost.jp,Dragline,2007,false
76-597-0187,false,iilyinykh3m@merriam-webster.com,Compactor,2007,true
40-734-4718,true,ckemery3n@baidu.com,Trencher,2005,true
40-604-4969,true,jcuffin3o@cbslocal.com,Backhoe,2000,false
16-427-1792,false,stregale3p@newyorker.com,Compactor,1997,true
61-346-6689,true,gbaytrop3q@adobe.com,Crawler,1992,false
80-875-9243,false,dmchaffy3r@whitehouse.gov,Trencher,2008,true
91-190-0347,true,lsinson3s@squarespace.com,Crawler,2000,false
64-232-9691,true,sbigrigg3t@dailymotion.com,Bulldozer,2007,true
09-324-6032,true,mswyn3u@homestead.com,Backhoe,2009,true
18-362-3583,true,braynard3v@cbsnews.com,Dragline,2005,false
63-378-0555,false,wkarlolczak3w@pcworld.com,Skid-Steer,2009,false
04-218-8550,false,sbenley3x@umn.edu,Backhoe,1991,false
11-160-3547,true,cpellew3y@sciencedirect.com,Scraper,2012,false
43-645-0104,true,mlouedey3z@ning.com,Trencher,1991,true
82-713-6315,true,msolly40@simplemachines.org,Backhoe,1993,true
93-564-4697,false,rfabler41@npr.org,Backhoe,1996,false
37-306-5651,false,cgabbat42@yellowbook.com,Grader,1993,false
53-012-4298,false,akloska43@google.co.jp,Excavator,2004,false
05-660-4528,false,rvigietti44@ebay.co.uk,Trencher,1993,true
59-723-0959,true,cgut45@pen.io,Skid-Steer,1985,false
94-690-4570,true,ccreeghan46@ehow.com,Dump Truck,2010,false
10-416-4972,true,cgreest47@ow.ly,Trencher,2008,true
71-320-4937,false,coverell48@youku.com,Scraper,2001,false
72-763-6106,false,gfedorchenko49@1und1.de,Dump Truck,1969,true
49-175-1895,false,vgarlette4a@usgs.gov,Dragline,1993,true
67-964-6871,true,klippitt4b@wsj.com,Scraper,2003,true
45-093-5266,true,jrahill4c@intel.com,Skid-Steer,1999,true
37-701-5856,false,ealexsandrovich4d@ameblo.jp,Skid-Steer,1985,true
32-467-6787,true,cnellies4e@jalbum.net,Trencher,2002,true
87-931-2630,false,ahuske4f@shutterfly.com,Skid-Steer,1993,false
52-579-3794,false,dshillaber4g@archive.org,Dump Truck,1999,true
59-722-6671,true,bmyhill4h@irs.gov,Compactor,1998,false
92-714-5186,true,mpavia4i@arstechnica.com,Dump Truck,2012,false
62-637-8290,true,kowbrick4j@google.co.jp,Grader,2010,true
03-416-1461,false,kflynn4k@about.com,Excavator,2011,false
47-033-3778,false,clinfoot4l@arstechnica.com,Skid-Steer,2003,true
19-502-0491,true,cbratley4m@seesaa.net,Bulldozer,1995,false
20-029-7425,true,dkunath4n@theglobeandmail.com,Excavator,1999,false
22-465-9829,false,yhunnisett4o@spotify.com,Dragline,2008,true
37-056-3404,false,tmulholland4p@disqus.com,Skid-Steer,1993,false
38-169-1435,false,cburrells4q@ihg.com,Dump Truck,2007,true
38-237-0336,true,cbaldetti4r@over-blog.com,Crawler,2004,true
90-287-6399,true,dgrammer4s@reuters.com,Crawler,1999,true
80-287-2641,true,agittose4t@blogger.com,Trencher,2006,true
33-187-6083,true,rsandys4u@de.vu,Excavator,2010,false
79-238-4838,true,fbinnion4v@oracle.com,Compactor,2010,false
44-023-4755,true,dwoollends4w@google.it,Dump Truck,1992,false
82-907-0778,true,cvicary4x@ucsd.edu,Bulldozer,2008,true
12-598-2324,true,dcecere4y@instagram.com,Dragline,1997,false
72-998-2852,true,jlevine4z@wunderground.com,Dump Truck,1999,true
99-596-2031,false,alawlie50@toplist.cz,Scraper,1996,false
04-462-4440,false,glagden51@prweb.com,Dump Truck,2002,false
33-098-2442,true,gcana52@dailymotion.com,Skid-Steer,2010,false
90-518-2288,false,godogherty53@redcross.org,Grader,1993,true
43-775-8299,true,akorn54@loc.gov,Crawler,2013,false
09-177-4008,false,sdursley55@cloudflare.com,Skid-Steer,1988,false
73-229-8325,true,cblaycock56@ted.com,Bulldozer,1969,true
07-523-2014,true,kboken57@soundcloud.com,Skid-Steer,2003,true
68-584-1721,false,mcutting58@aboutads.info,Grader,1990,true
29-815-8987,false,alillecrap59@dropbox.com,Crawler,2013,false
92-900-9472,false,egrewes5a@abc.net.au,Crawler,2002,false
67-772-8545,true,akernaghan5b@tinypic.com,Skid-Steer,2010,true
04-937-9033,false,uhutsby5c@1und1.de,Backhoe,2007,false
70-792-8399,true,iwhatsize5d@google.de,Excavator,1997,false
53-193-8185,false,eromagosa5e@adobe.com,Trencher,1990,false
96-319-8372,false,spiddlesden5f@artisteer.com,Compactor,2005,false
88-909-7021,false,csouthard5g@businesswire.com,Dragline,2009,false
90-229-8173,true,gmary5h@altervista.org,Trencher,2012,true
63-354-9489,false,wkuna5i@zimbio.com,Excavator,2009,true
40-244-5019,false,gshwalbe5j@telegraph.co.uk,Bulldozer,2005,false
11-641-1171,false,tshingfield5k@technorati.com,Trencher,1990,false
24-630-8518,false,emclenaghan5l@psu.edu,Skid-Steer,1950,false
90-815-7902,false,jabry5m@lulu.com,Excavator,1998,false
79-406-3373,false,dpala5n@cloudflare.com,Compactor,2008,true
88-128-6165,false,mizac5o@wp.com,Crawler,2004,false
33-256-1709,false,gmintrim5p@photobucket.com,Scraper,1993,false
06-363-8656,true,dcasaletto5q@liveinternet.ru,Bulldozer,1986,false
83-221-7509,true,nfinker5r@stumbleupon.com,Excavator,2010,false
36-289-4616,false,tbarnicott5s@google.co.uk,Scraper,2002,false
15-010-0898,true,moldcroft5t@joomla.org,Bulldozer,2007,false
36-428-0354,true,nkrauss5u@ted.com,Compactor,1991,false
25-221-7155,true,kduignan5v@quantcast.com,Skid-Steer,2012,true
45-311-8996,true,pallan5w@bizjournals.com,Backhoe,1986,true
10-138-8952,false,zsolloway5x@dropbox.com,Bulldozer,2001,true
30-984-2926,true,mpenreth5y@is.gd,Scraper,2011,true
67-843-7047,true,bhandke5z@businesswire.com,Scraper,1998,false
85-112-6583,true,bfraczak60@harvard.edu,Grader,2012,false
64-908-1218,true,rabdey61@mediafire.com,Trencher,2012,false
46-822-7228,true,jmacalaster62@arstechnica.com,Crawler,1997,false
25-204-7481,false,eshambroke63@ft.com,Skid-Steer,2001,true
16-964-0300,true,bgenthner64@nih.gov,Compactor,1987,true
04-044-2480,true,ncella65@google.com.au,Skid-Steer,1998,true
87-260-2387,false,hperks66@wikia.com,Excavator,1996,false
19-152-6832,false,kmackomb67@ezinearticles.com,Dragline,2008,true
38-544-2598,true,wchettoe68@reddit.com,Grader,2006,false
65-586-5018,true,lkinchley69@lycos.com,Compactor,2006,false
78-799-0882,false,icleall6a@sitemeter.com,Compactor,2013,true
45-677-9572,false,mkupker6b@comsenz.com,Dump Truck,2003,false
36-555-6131,false,bcleere6c@msu.edu,Backhoe,2013,false
52-145-2584,false,ucomber6d@icq.com,Excavator,2012,false
34-767-7868,false,anorris6e@prnewswire.com,Trencher,1995,true
16-010-4811,false,sronaghan6f@feedburner.com,Crawler,2002,true
99-365-6637,false,ddroghan6g@digg.com,Scraper,1996,false
74-222-7225,true,gstillgoe6h@rediff.com,Scraper,2008,false
11-819-9732,true,bcorradini6i@histats.com,Skid-Steer,1995,true
08-720-9527,false,gscattergood6j@telegraph.co.uk,Grader,1987,true
65-904-6402,false,cperroni6k@typepad.com,Trencher,2003,true
96-015-1646,true,capplewhaite6l@joomla.org,Scraper,1994,false
88-601-7199,true,ffawdrey6m@lycos.com,Scraper,2001,false
34-831-2405,true,rdella6n@etsy.com,Dump Truck,1994,false
98-191-7952,false,gblindmann6o@hostgator.com,Scraper,2010,true
18-302-2435,false,xpedican6p@biglobe.ne.jp,Grader,2011,false
80-096-3857,true,eodee6q@twitter.com,Scraper,2005,false
14-319-1387,false,mpabel6r@google.ca,Excavator,1994,false
28-535-3471,true,atothacot6s@psu.edu,Skid-Steer,2006,true
56-036-3126,false,shugnin6t@berkeley.edu,Grader,1998,false
25-825-7719,true,hpatmore6u@lulu.com,Backhoe,2005,false
22-741-3961,false,lphilippard6v@technorati.com,Excavator,2006,false
48-525-2969,true,kcampione6w@ning.com,Grader,2007,false
55-759-7475,true,douterbridge6x@goo.ne.jp,Skid-Steer,2001,false
68-979-4188,false,tshaddick6y@google.cn,Excavator,1994,false
30-547-5683,false,khumphrey6z@privacy.gov.au,Scraper,1992,true
39-704-2287,true,glanning70@narod.ru,Scraper,2000,false
78-790-9369,false,ncarmel71@blinklist.com,Dump Truck,2009,true
31-609-2223,true,mdemaid72@feedburner.com,Grader,2012,false
17-944-3696,true,mdurrand73@gravatar.com,Bulldozer,2002,false
05-046-3776,true,asandy74@intel.com,Scraper,1994,false
62-941-7366,false,cchismon75@bing.com,Compactor,1966,true
58-945-7752,false,rdionisetto76@csmonitor.com,Dump Truck,2006,false
99-260-6107,false,ckildale77@toplist.cz,Skid-Steer,1992,false
64-008-9913,true,ljillitt78@ft.com,Trencher,1999,false
95-660-3382,false,aarbor79@xrea.com,Backhoe,1997,true
02-281-8969,false,tproudlock7a@squarespace.com,Compactor,2002,true
27-659-2222,false,bfogt7b@homestead.com,Trencher,2006,true
51-572-0472,false,cspolton7c@blog.com,Compactor,2010,false
64-192-0582,false,mdun7d@amazon.de,Scraper,2005,false
64-711-7165,true,tawcoate7e@latimes.com,Scraper,2011,false
11-225-8134,true,gjeanesson7f@fda.gov,Grader,2004,true
38-610-4586,false,jsanchez7g@slashdot.org,Grader,1999,false
92-449-4687,true,rskittrall7h@netlog.com,Excavator,2008,false
61-203-7445,false,kbalwin7i@ameblo.jp,Dragline,1995,false
27-321-1895,false,fsheere7j@psu.edu,Grader,1984,true
08-025-6383,true,jbrandrick7k@telegraph.co.uk,Grader,2005,false
81-267-0234,true,fdeal7l@bandcamp.com,Skid-Steer,2005,true
94-945-5488,true,gbuckmaster7m@fema.gov,Crawler,2002,true
33-872-3665,true,slovering7n@joomla.org,Grader,2005,false
63-178-6699,true,dpothergill7o@angelfire.com,Compactor,2008,true
83-721-1041,false,mgobell7p@webmd.com,Dragline,2006,false
08-765-4931,false,rfolling7q@msn.com,Crawler,2006,false
07-246-5846,false,scorstorphine7r@unesco.org,Trencher,2007,true
64-658-9873,true,adeniset7s@nsw.gov.au,Bulldozer,1997,true
50-605-2992,true,mwaskett7t@google.it,Bulldozer,2002,false
65-616-6237,false,educarme7u@linkedin.com,Trencher,1993,true
87-083-8823,false,gbackhurst7v@jigsy.com,Backhoe,1970,true
57-925-7756,true,bsommerland7w@skyrock.com,Dragline,2012,false
70-866-2234,true,cdoerren7x@stumbleupon.com,Dump Truck,2010,false
82-774-7060,true,gvandecappelle7y@printfriendly.com,Trencher,2010,false
10-117-8671,true,smahy7z@simplemachines.org,Dump Truck,2001,true
56-604-0911,false,eeaglestone80@hugedomains.com,Scraper,2011,true
96-255-7645,true,rbarti81@squarespace.com,Bulldozer,2010,false
46-098-1332,true,ssiege82@imgur.com,Compactor,2007,true
31-573-2418,false,lstreet83@constantcontact.com,Backhoe,1996,false
79-594-3218,false,khalvosen84@blog.com,Crawler,2006,true
68-054-4539,true,lkegan85@ucsd.edu,Crawler,2010,true
71-980-9987,true,lredborn86@studiopress.com,Scraper,2003,true
41-157-0472,false,dlaughtisse87@desdev.cn,Backhoe,2011,true
83-010-3447,true,tmaynard88@t.co,Scraper,2008,true
53-893-0761,false,adibatista89@instagram.com,Backhoe,1984,true
81-201-1321,true,ucrouch8a@time.com,Skid-Steer,2010,true
90-277-5525,false,bsandland8b@w3.org,Excavator,1994,true
38-890-4541,false,sbedrosian8c@edublogs.org,Backhoe,1986,false
86-157-4030,false,gconochie8d@illinois.edu,Scraper,2002,true
27-025-9802,false,bconradie8e@so-net.ne.jp,Excavator,2007,false
13-905-8261,true,gcarlill8f@oaic.gov.au,Crawler,1988,true
25-279-9657,true,rkirby8g@google.co.jp,Excavator,2013,false
22-012-4746,true,fluckcuck8h@example.com,Grader,1998,false
61-233-2552,true,vcardoe8i@acquirethisname.com,Scraper,2008,true
95-262-3346,false,acraigheid8j@dedecms.com,Skid-Steer,2012,false
06-172-6309,false,tgarside8k@mayoclinic.com,Scraper,2009,true
44-797-3703,true,ncasillas8l@yelp.com,Dragline,2000,false
69-502-8013,true,rgynni8m@digg.com,Scraper,1998,false
87-924-0438,true,rmathely8n@un.org,Excavator,1969,true
53-522-8326,false,fjeratt8o@dropbox.com,Scraper,1998,true
20-522-7230,false,schellingworth8p@ibm.com,Skid-Steer,1992,true
46-737-0265,false,bbranwhite8q@parallels.com,Skid-Steer,1955,false
81-818-4100,true,oboundley8r@un.org,Backhoe,1986,false
25-823-8184,false,hodoherty8s@nyu.edu,Trencher,2006,false
56-816-2461,true,zsealeaf8t@altervista.org,Scraper,2011,true
47-353-0292,false,tbushnell8u@shinystat.com,Compactor,2003,false
84-554-7737,false,ccarvilla8v@seesaa.net,Trencher,2009,true
61-036-3125,true,hbover8w@patch.com,Dragline,1989,false
57-705-9645,true,gharty8x@va.gov,Excavator,2011,true
46-173-3321,true,gdimeloe8y@si.edu,Grader,1994,false
77-375-4529,true,vperry8z@i2i.jp,Scraper,1988,false
29-149-9454,false,hmuat90@shinystat.com,Dragline,1986,true
37-649-2263,false,lnorville91@sakura.ne.jp,Scraper,1995,false
23-678-1184,true,agarrie92@weather.com,Backhoe,1966,false
01-649-9029,true,asmieton93@eventbrite.com,Excavator,2006,true
53-610-4467,false,gcausey94@spiegel.de,Backhoe,1995,false
33-012-2686,false,hbarensen95@g.co,Grader,1980,false
12-627-0479,true,adominguez96@hibu.com,Dump Truck,1992,true
17-866-6787,true,uwalkinshaw97@illinois.edu,Grader,2002,false
14-329-1371,false,bsoutherns98@howstuffworks.com,Crawler,1995,false
65-647-1762,false,gheathcott99@imageshack.us,Scraper,2011,false
73-385-2008,false,pmalshinger9a@ning.com,Excavator,1999,false
97-124-3640,true,cshore9b@howstuffworks.com,Bulldozer,2010,false
97-765-5550,true,wstanlock9c@utexas.edu,Grader,1995,true
60-367-4445,false,mhof9d@geocities.jp,Crawler,2001,true
44-664-3535,false,kbyrch9e@com.com,Backhoe,2006,true
09-327-4943,true,tprator9f@topsy.com,Skid-Steer,2007,false
62-349-9078,true,astedman9g@1688.com,Scraper,1989,false
66-197-5967,false,rirnis9h@ning.com,Backhoe,2012,false
07-293-0686,false,pboyack9i@hc360.com,Grader,1997,false
57-681-0610,false,bpascow9j@4shared.com,Excavator,1993,true
81-100-9098,false,jerni9k@friendfeed.com,Grader,2008,true
22-058-4155,false,araddan9l@goo.ne.jp,Dump Truck,2004,true
45-027-2618,true,jsilcox9m@github.com,Backhoe,1999,false
49-278-9863,true,dradcliffe9n@nhs.uk,Excavator,1997,false
60-451-1162,false,ksmiz9o@state.tx.us,Compactor,2005,false
92-947-2811,true,tantic9p@ucoz.com,Backhoe,2007,true
90-199-1265,false,hlighton9q@soundcloud.com,Bulldozer,2009,true
79-744-2549,true,cgatenby9r@upenn.edu,Trencher,2010,true
88-633-1563,false,ktasseler9s@instagram.com,Compactor,2009,false
57-855-3213,true,mbuterton9t@bloglines.com,Grader,2006,false
16-681-9893,true,msaipy9u@home.pl,Excavator,2010,true
07-376-1469,true,bfenck9v@delicious.com,Skid-Steer,2009,true
18-359-3827,true,ggemlett9w@printfriendly.com,Skid-Steer,2004,true
71-734-9095,false,csackur9x@uiuc.edu,Excavator,1985,true
33-851-3781,true,bpenas9y@blogspot.com,Skid-Steer,2008,true
36-785-7986,true,bgrimmolby9z@patch.com,Scraper,1990,false
97-080-4725,false,cflitcrofta0@ucla.edu,Compactor,1993,true
65-853-0565,false,tpelhama1@trellian.com,Crawler,2002,false
98-405-9926,false,rmcgaugiea2@addthis.com,Excavator,1998,true
41-209-3737,true,eshurrocka3@princeton.edu,Backhoe,2002,true
97-692-7314,true,bgiffarda4@slideshare.net,Skid-Steer,2000,false
54-207-0258,true,anoldaa5@shinystat.com,Trencher,2012,true
13-756-7663,false,gmackeya6@jalbum.net,Skid-Steer,2010,true
99-482-9519,false,cvidaa7@last.fm,Dragline,2005,true
87-503-9723,true,mmagnera8@g.co,Dump Truck,1990,false
12-979-4032,false,otrodlera9@canalblog.com,Backhoe,2006,true
80-465-9301,true,dgeroldiniaa@forbes.com,Scraper,1994,false
86-303-7687,false,dborelandab@homestead.com,Trencher,2008,true
90-782-1631,false,lhowoodac@accuweather.com,Dragline,1989,false
88-894-8088,false,ofranklynad@wix.com,Compactor,2012,true
07-732-6592,true,cdozdillae@mediafire.com,Crawler,2003,true
85-746-9723,false,ahantuschaf@webmd.com,Dump Truck,2006,true
21-840-8636,false,cpriddleag@usda.gov,Scraper,2001,true
27-561-1928,false,gfrancombah@yandex.ru,Trencher,1996,true
12-251-3341,true,dwasbroughai@wufoo.com,Dump Truck,1994,false
13-331-5501,true,adoniaj@illinois.edu,Dump Truck,2008,false
51-291-8711,true,acattonak@g.co,Skid-Steer,1989,false
83-472-6395,true,gdanielloal@cloudflare.com,Crawler,2001,true
36-755-1081,false,rwalickiam@flavors.me,Excavator,2009,false
51-150-0753,true,hhelksan@salon.com,Backhoe,2011,false
57-349-7701,true,flaminmanao@china.com.cn,Dump Truck,1992,false
00-057-4850,false,fclaireap@issuu.com,Compactor,1996,true
41-096-2521,false,msawneyaq@altervista.org,Dump Truck,1999,true
12-164-5313,true,gommundsenar@arstechnica.com,Dragline,2013,false
10-226-9768,false,mwakefordas@bbb.org,Excavator,2009,true
38-564-5919,true,mcusheat@rambler.ru,Crawler,2001,false
47-682-1236,true,kcuttenau@illinois.edu,Backhoe,2013,true
14-412-1490,true,inealonav@ezinearticles.com,Trencher,1995,false
91-317-0658,false,dbrowellaw@pagesperso-orange.fr,Dragline,2011,true
00-343-3705,false,acannonax@blinklist.com,Crawler,1997,false
11-686-4181,true,ggrimmay@altervista.org,Skid-Steer,2012,false
44-488-7498,false,bsanchisaz@zdnet.com,Dump Truck,2009,true
78-586-7608,true,pguyotb0@toplist.cz,Compactor,1993,false
82-261-8898,false,slamminb1@nature.com,Trencher,1989,false
96-317-6700,false,oevettb2@businessinsider.com,Bulldozer,2012,true
65-594-7342,true,olyvenb3@artisteer.com,Dragline,1994,false
78-832-4003,false,agoddmanb4@alexa.com,Trencher,1996,false
23-938-4134,false,dgaganb5@symantec.com,Compactor,1970,false
78-869-9667,false,ltarrenb6@wix.com,Scraper,1998,false
49-593-2722,true,edoxseyb7@cargocollective.com,Excavator,2008,false
63-856-3725,false,afluteb8@homestead.com,Dump Truck,1997,false
82-126-1687,true,wknokb9@accuweather.com,Backhoe,2010,false
11-993-2687,true,fkanterba@bloomberg.com,Trencher,2001,true
90-868-4134,false,ocollingbb@usa.gov,Skid-Steer,2006,false
14-392-9314,false,ebottlebc@timesonline.co.uk,Compactor,1987,true
09-181-1731,false,skinneallybd@instagram.com,Bulldozer,2004,false
23-213-6767,false,ifilyaevbe@cnn.com,Bulldozer,2010,true
00-934-9779,false,fbrewbf@washington.edu,Scraper,2013,true
91-244-2032,true,vcottiebg@twitter.com,Bulldozer,1987,true
35-229-1335,true,gtaffiebh@scientificamerican.com,Bulldozer,2005,true
95-894-9589,true,tconnaughtonbi@miibeian.gov.cn,Compactor,2007,true
08-211-3186,true,jvillarbj@mail.ru,Excavator,1984,false
73-488-5149,true,hbutchersbk@twitter.com,Grader,2011,false
24-245-3919,false,ikerrodbl@baidu.com,Grader,2002,true
06-438-3071,true,cfawthropbm@tripadvisor.com,Bulldozer,1997,false
55-732-7215,false,mstonierbn@bloglines.com,Grader,1999,false
52-648-1696,true,pbrownhillbo@go.com,Grader,1994,true
48-133-7894,true,jmandalbp@yellowpages.com,Dump Truck,2012,true
44-794-3746,false,creadmanbq@tamu.edu,Crawler,1999,false
99-310-7747,true,ecarebr@edublogs.org,Dump Truck,1993,false
09-907-9930,true,hmessagebs@indiegogo.com,Grader,1998,false
36-860-5498,false,dpepallbt@economist.com,Skid-Steer,2007,false
35-476-7572,true,spudenbu@digg.com,Backhoe,1997,false
85-299-6262,false,adunnettbv@tmall.com,Grader,2002,false
90-787-6822,true,crowthornbw@yellowpages.com,Crawler,2005,true
54-245-7597,true,rofficerbx@themeforest.net,Dump Truck,1992,true
54-365-6612,true,dbasfordby@loc.gov,Crawler,1984,false
62-522-8421,false,cmatzlbz@time.com,Crawler,2000,true
52-042-9180,false,cmcauliffec0@mtv.com,Dragline,2005,true
93-032-9197,true,dlostyc1@buzzfeed.com,Crawler,2004,true
25-582-0243,true,clicencec2@xing.com,Excavator,2010,false
68-297-3411,false,esnoddonc3@columbia.edu,Compactor,2005,true
96-022-0614,true,rclynterc4@blog.com,Skid-Steer,2009,true
39-867-7712,false,swittc5@smh.com.au,Grader,2010,true
39-489-0765,true,idavidoviczc6@mit.edu,Crawler,2010,false
98-874-1739,false,dbysouthc7@foxnews.com,Excavator,1985,true
10-010-9380,false,rcastelijnc8@blogtalkradio.com,Trencher,2011,false
15-609-8844,true,nbeacroftc9@noaa.gov,Scraper,2008,true
24-292-2880,false,gfortieca@google.co.uk,Scraper,2011,false
95-189-0042,false,tsimeonicb@sun.com,Backhoe,2011,false
24-813-2573,true,dmeatyardcc@google.de,Compactor,2007,false
82-942-2741,false,dwylliecd@taobao.com,Grader,2003,true
55-567-0980,true,bdefewce@wired.com,Crawler,2005,false
94-539-6417,true,nciciuracf@statcounter.com,Scraper,2004,true
45-165-7578,false,hrosettinicg@1und1.de,Dragline,1989,false
30-791-3175,false,ltoffanellich@furl.net,Grader,1998,false
01-150-9887,true,klittrellci@trellian.com,Grader,2011,true
42-709-4903,false,eguillartcj@i2i.jp,Excavator,2001,false
66-954-9951,true,rwilkinsonck@ebay.com,Scraper,1979,false
75-761-7057,true,mmateoscl@cdc.gov,Backhoe,2007,false
84-574-9980,false,jdanilovcm@shareasale.com,Trencher,2001,true
39-654-1850,false,cmaltcn@hhs.gov,Skid-Steer,2005,false
71-324-5836,false,ipieraccico@google.de,Bulldozer,1992,false
09-245-4770,true,gcraiggcp@altervista.org,Backhoe,1982,true
47-450-2716,false,apetrellicq@shinystat.com,Dragline,1995,false
91-720-8834,false,sschafflercr@github.com,Crawler,2003,false
56-372-0348,true,amerriganscs@army.mil,Dump Truck,1994,true
76-940-6574,true,bekinsct@joomla.org,Trencher,1994,false
37-196-6186,false,akensoncu@imageshack.us,Dragline,2007,false
92-683-8711,false,emidnercv@altervista.org,Scraper,2012,false
90-073-1593,true,nchatelcw@chron.com,Backhoe,1961,false
25-227-2074,true,ccatercx@cbslocal.com,Excavator,2012,false
82-664-3803,false,gbarfieldcy@amazon.co.uk,Grader,1971,false
39-450-7306,false,ccottiscz@domainmarket.com,Dragline,2006,false
97-163-8511,false,scrambd0@nasa.gov,Bulldozer,2008,true
10-837-5884,true,rbarrassed1@sourceforge.net,Crawler,2002,false
55-489-8901,false,pbarrard2@home.pl,Crawler,1995,false
49-658-2484,true,calowayd3@reuters.com,Scraper,2001,true
27-467-6009,false,rortzend4@goo.gl,Backhoe,1995,false
49-655-6254,true,bdulyd5@printfriendly.com,Trencher,2008,true
51-563-0121,true,jcatfordd6@php.net,Dump Truck,1993,false
64-449-7955,true,ddantonid7@nhs.uk,Scraper,2002,true
86-678-8862,true,cneathwayd8@si.edu,Bulldozer,1997,false
79-139-2309,true,lghidonid9@alibaba.com,Excavator,1988,false
17-253-4958,true,cbendonda@skyrock.com,Compactor,1997,false
04-232-5900,true,mparkendb@webmd.com,Trencher,2012,true
20-076-2722,false,gsergisondc@ameblo.jp,Compactor,2004,true
29-538-2128,true,wedgcombedd@fotki.com,Grader,2011,true
61-179-5856,false,mseamansde@facebook.com,Grader,2002,false
94-765-1966,true,ninglesentdf@bigcartel.com,Dump Truck,2006,true
43-186-7698,true,bcrehandg@nydailynews.com,Trencher,2004,true
97-512-3846,true,kfrancillodh@blogtalkradio.com,Grader,2001,false
41-770-2687,true,mpetrusdi@newyorker.com,Dump Truck,2006,false
26-689-3388,false,alouedeydj@mac.com,Backhoe,2010,false
87-801-2974,false,ibluemandk@ehow.com,Grader,1994,false
22-468-5394,false,melbydl@wufoo.com,Grader,2006,false
61-408-9886,true,nstairmanddm@scientificamerican.com,Dragline,1998,false
84-295-1359,false,bringhamdn@ted.com,Backhoe,2008,false
21-235-3692,true,hdouchdo@pbs.org,Dump Truck,1999,true
90-697-3179,true,vsimpkinsdp@fc2.com,Bulldozer,2000,true
27-025-9676,false,nmaruszewskidq@cafepress.com,Excavator,2002,true
95-808-6343,true,ndergesdr@nsw.gov.au,Bulldozer,1993,true
91-894-9351,false,hfitchends@linkedin.com,Skid-Steer,1996,false
67-218-6900,false,ekrausedt@mail.ru,Skid-Steer,1994,true
60-575-9701,true,jkornesdu@patch.com,Dump Truck,2004,false
57-215-3838,false,wmarklunddv@dot.gov,Dragline,2000,false
